CHROM,POS,REF,ALT,QUAL,DP,INFO
III,2245086,C,T,738.6,22,ANN=T|upstream_gene_variant|UNKNOWN|C39B5.10|WBGene00016528|transcript|C39B5.10
III,2245086,C,T,738.6,22,ANN=T|upstream_gene_variant|UNKNOWN|T20H9.6|WBGene00020642|transcript|T20H9.6
III,2245086,C,T,738.6,22,ANN=T|downstream_gene_variant|UNKNOWN|srz-56|WBGene00016519|transcript|C39B5.1
III,2245086,C,T,738.6,22,ANN=T|downstream_gene_variant|UNKNOWN|fbxa-7|WBGene00020637|transcript|T20H9.1
III,2245086,C,T,738.6,22,ANN=T|synonymous_variant|UNKNOWN|srd-67|WBGene00005144|transcript|C39B5.11
III,2269554,T,C,614.31,17,ANN=C|downstream_gene_variant|UNKNOWN|fbxa-9|WBGene00021860|transcript|Y54F10BM.5
III,2269554,T,C,614.31,17,ANN=C|intron_variant|UNKNOWN|fbxa-48|WBGene00021862|transcript|Y54F10BM.7
III,2269554,T,C,614.31,17,ANN=C|upstream_gene_variant|UNKNOWN|fbxa-39|WBGene00021859|transcript|Y54F10BM.4
III,2340696,A,G,65.79,17,ANN=G|intron_variant|UNKNOWN|Y54F10BM.1|WBGene00021856|transcript|Y54F10BM.1
III,2340696,A,G,65.79,17,ANN=G|upstream_gene_variant|UNKNOWN|phf-5|WBGene00004016|transcript|Y54F10BM.14
III,2361491,A,T,490.21,14,ANN=T|intron_variant|UNKNOWN|gip-1|WBGene00001589|transcript|H04J21.3c
III,2361491,A,T,490.21,14,ANN=T|UTR_variant|UNKNOWN|gip-1|WBGene00001589|transcript|H04J21.3b
III,2361491,A,T,490.21,14,ANN=T|intron_variant|UNKNOWN|gip-1|WBGene00001589|transcript|H04J21.3a
III,2361491,A,T,490.21,14,ANN=T|upstream_gene_variant|UNKNOWN|srd-69|WBGene00005146|transcript|H04J21.2
III,2377637,C,T,701.37,19,ANN=T|upstream_gene_variant|UNKNOWN|H04J21.1|WBGene00019150|transcript|H04J21.1
III,2377637,C,T,701.37,19,ANN=T|intron_variant|UNKNOWN|H14E04.2|WBGene00019199|transcript|H14E04.2a
III,2377637,C,T,701.37,19,ANN=T|intron_variant|UNKNOWN|H14E04.2|WBGene00019199|transcript|H14E04.2d
III,2377637,C,T,701.37,19,ANN=T|intron_variant|UNKNOWN|H14E04.2|WBGene00019199|transcript|H14E04.2c
III,2377637,C,T,701.37,19,ANN=T|intron_variant|UNKNOWN|H14E04.2|WBGene00019199|transcript|H14E04.2b
III,2401031,C,T,524.55,15,ANN=T|stop_gained|UNKNOWN|cic-1|WBGene00000506|transcript|H14E04.5
III,2401031,C,T,524.55,15,ANN=T|upstream_gene_variant|UNKNOWN|H14E04.1|WBGene00019198|transcript|H14E04.1
III,2498501,*,#NAME?,3713.84,103,ANN=#NAME?|downstream_gene_variant|UNKNOWN|Y54F10AM.8|WBGene00021852|transcript|Y54F10AM.8
III,2498501,*,#NAME?,3713.84,103,ANN=#NAME?|downstream_gene_variant|UNKNOWN|Y54F10AL.1|WBGene00021847|transcript|Y54F10AL.1a
III,2498505,*,#NAME?,2192.34,103,ANN=#NAME?|downstream_gene_variant|UNKNOWN|Y54F10AM.8|WBGene00021852|transcript|Y54F10AM.8
III,2498505,*,#NAME?,2192.34,103,ANN=#NAME?|downstream_gene_variant|UNKNOWN|Y54F10AL.1|WBGene00021847|transcript|Y54F10AL.1a
III,2498506,*,#NAME?,702.88,103,ANN=#NAME?|downstream_gene_variant|UNKNOWN|Y54F10AM.8|WBGene00021852|transcript|Y54F10AM.8
III,2498506,*,#NAME?,702.88,103,ANN=#NAME?|downstream_gene_variant|UNKNOWN|Y54F10AL.1|WBGene00021847|transcript|Y54F10AL.1a
III,2501665,A,T,39.36,123,ANN=T|downstream_gene_variant|UNKNOWN|Y54F10AM.8|WBGene00021852|transcript|Y54F10AM.8
III,2501666,T,C,42.2,122,ANN=C|downstream_gene_variant|UNKNOWN|Y54F10AM.8|WBGene00021852|transcript|Y54F10AM.8
III,2501667,G,T,76.66,121,ANN=T|downstream_gene_variant|UNKNOWN|Y54F10AM.8|WBGene00021852|transcript|Y54F10AM.8
III,2577402,A,T,764.34,23,ANN=T|upstream_gene_variant|UNKNOWN|Y71H2B.8|WBGene00022197|transcript|Y71H2B.8
III,2577402,A,T,764.34,23,ANN=T|upstream_gene_variant|UNKNOWN|Y54F10AR.1|WBGene00021854|transcript|Y54F10AR.1
III,2627515,T,C,577.45,18,ANN=C|downstream_gene_variant|UNKNOWN|ppfr-4|WBGene00022193|transcript|Y71H2B.3
III,2627515,T,C,577.45,18,ANN=C|UTR_variant|UNKNOWN|Y71H2B.2|WBGene00022192|transcript|Y71H2B.2
III,2627515,T,C,577.45,18,ANN=C|upstream_gene_variant|UNKNOWN|Y71H2B.1|WBGene00022191|transcript|Y71H2B.1
III,2653195,A,C,74.39,3,ANN=C|upstream_gene_variant|UNKNOWN|H19M22.4|WBGene00023084|transcript|H19M22.4
III,2653195,A,C,74.39,3,ANN=C|upstream_gene_variant|UNKNOWN|let-805|WBGene00002915|transcript|H19M22.2d
III,2653195,A,C,74.39,3,ANN=C|upstream_gene_variant|UNKNOWN|let-805|WBGene00002915|transcript|H19M22.2b
III,2653195,A,C,74.39,3,ANN=C|upstream_gene_variant|UNKNOWN|let-805|WBGene00002915|transcript|H19M22.2a
III,2653195,A,C,74.39,3,ANN=C|upstream_gene_variant|UNKNOWN|H19M22.7|WBGene00198836|transcript|H19M22.7
III,2653195,A,C,74.39,3,ANN=C|upstream_gene_variant|UNKNOWN|H19M22.9|WBGene00200424|transcript|H19M22.9
III,2653195,A,C,74.39,3,ANN=C|downstream_gene_variant|UNKNOWN|H19M22.5|WBGene00196094|transcript|H19M22.5
III,2728822,G,T,685.42,19,ANN=T|upstream_gene_variant|UNKNOWN|Y71H2AM.11|WBGene00022176|transcript|Y71H2AM.11
III,2728822,G,T,685.42,19,ANN=T|intron_variant|UNKNOWN|cosa-1|WBGene00022172|transcript|Y71H2AM.7
III,2728822,G,T,685.42,19,ANN=T|downstream_gene_variant|UNKNOWN|Y71H2AM.12|WBGene00022177|transcript|Y71H2AM.12
