CHROM,POS,Reference,Change,Change_type,Homozygous,Quality,Coverage,Warnings,Gene_ID,Gene_name,Bio_type,Trancript_ID,Exon_ID,Exon_Rank,Effect,old_AA/new_AA,Old_codon/New_codon,Codon_Num(CDS),Codon_Degeneracy,CDS_size,Codons_around
III,2245086,C,T,SNP,Hom,738.6,22,,WBGene00016528,C39B5.10,ensembl,C39B5.10,,,UPSTREAM: 4914 bases,,,,,,
III,2245086,C,T,SNP,Hom,738.6,22,,WBGene00020642,T20H9.6,ensembl,T20H9.6,,,UPSTREAM: 930 bases,,,,,,
III,2245086,C,T,SNP,Hom,738.6,22,,WBGene00016519,srz-56,ensembl,C39B5.1,,,DOWNSTREAM: 1243 bases,,,,,,
III,2245086,C,T,SNP,Hom,738.6,22,,WBGene00020637,fbxa-7,ensembl,T20H9.1,,,DOWNSTREAM: 4846 bases,,,,,,
III,2245086,C,T,SNP,Hom,738.6,22,,WBGene00005144,srd-67,ensembl,C39B5.11,exon_III_2245017_2245157,3,SYNONYMOUS_CODING,L/L,ttG/ttA,121,1,975,
III,2269554,T,C,SNP,Hom,614.31,17,,WBGene00021860,fbxa-9,ensembl,Y54F10BM.5,,,DOWNSTREAM: 1254 bases,,,,,,
III,2269554,T,C,SNP,Hom,614.31,17,,WBGene00021862,fbxa-48,ensembl,Y54F10BM.7,,,INTRON,,,,,999,
III,2269554,T,C,SNP,Hom,614.31,17,,WBGene00021859,fbxa-39,ensembl,Y54F10BM.4,,,UPSTREAM: 2899 bases,,,,,,
III,2340696,A,G,SNP,Hom,65.79,17,,WBGene00021856,Y54F10BM.1,ensembl,Y54F10BM.1,,,INTRON,,,,,2301,
III,2340696,A,G,SNP,Hom,65.79,17,,WBGene00004016,phf-5,ensembl,Y54F10BM.14,,,UPSTREAM: 2875 bases,,,,,,
III,2361491,A,T,SNP,Hom,490.21,14,,WBGene00001589,gip-1,ensembl,H04J21.3c,,,INTRON,,,,,1011,
III,2361491,A,T,SNP,Hom,490.21,14,,WBGene00001589,gip-1,ensembl,H04J21.3b,,,UTR_3_PRIME: 128 bases from CDS,,,,,,
III,2361491,A,T,SNP,Hom,490.21,14,,WBGene00001589,gip-1,ensembl,H04J21.3a,,,INTRON,,,,,2676,
III,2361491,A,T,SNP,Hom,490.21,14,,WBGene00005146,srd-69,ensembl,H04J21.2,,,UPSTREAM: 1457 bases,,,,,,
III,2377637,C,T,SNP,Hom,701.37,19,,WBGene00019150,H04J21.1,ensembl,H04J21.1,,,UPSTREAM: 4982 bases,,,,,,
III,2377637,C,T,SNP,Hom,701.37,19,,WBGene00019199,H14E04.2,ensembl,H14E04.2a,,,INTRON,,,,,1728,
III,2377637,C,T,SNP,Hom,701.37,19,,WBGene00019199,H14E04.2,ensembl,H14E04.2d,,,INTRON,,,,,1362,
III,2377637,C,T,SNP,Hom,701.37,19,,WBGene00019199,H14E04.2,ensembl,H14E04.2c,,,INTRON,,,,,1749,
III,2377637,C,T,SNP,Hom,701.37,19,,WBGene00019199,H14E04.2,ensembl,H14E04.2b,,,INTRON,,,,,1737,
III,2401031,C,T,SNP,Hom,524.55,15,,WBGene00000506,cic-1,ensembl,H14E04.5,exon_III_2401023_2401129,2,STOP_GAINED,W/*,tGg/tAg,44,0,909,
III,2401031,C,T,SNP,Hom,524.55,15,,WBGene00019198,H14E04.1,ensembl,H14E04.1,,,UPSTREAM: 1037 bases,,,,,,
III,2498501,*,#NAME?,DEL,Hom,3713.84,103,,WBGene00021852,Y54F10AM.8,ensembl,Y54F10AM.8,,,DOWNSTREAM: 4947 bases,,,,,,
III,2498501,*,#NAME?,DEL,Hom,3713.84,103,,WBGene00021847,Y54F10AL.1,ensembl,Y54F10AL.1a,,,DOWNSTREAM: 4328 bases,,,,,,
III,2498505,*,#NAME?,DEL,Hom,2192.34,103,,WBGene00021852,Y54F10AM.8,ensembl,Y54F10AM.8,,,DOWNSTREAM: 4943 bases,,,,,,
III,2498505,*,#NAME?,DEL,Hom,2192.34,103,,WBGene00021847,Y54F10AL.1,ensembl,Y54F10AL.1a,,,DOWNSTREAM: 4332 bases,,,,,,
III,2498506,*,#NAME?,DEL,Hom,702.88,103,,WBGene00021852,Y54F10AM.8,ensembl,Y54F10AM.8,,,DOWNSTREAM: 4942 bases,,,,,,
III,2498506,*,#NAME?,DEL,Hom,702.88,103,,WBGene00021847,Y54F10AL.1,ensembl,Y54F10AL.1a,,,DOWNSTREAM: 4333 bases,,,,,,
III,2501665,A,T,SNP,Hom,39.36,123,,WBGene00021852,Y54F10AM.8,ensembl,Y54F10AM.8,,,DOWNSTREAM: 1783 bases,,,,,,
III,2501666,T,C,SNP,Hom,42.2,122,,WBGene00021852,Y54F10AM.8,ensembl,Y54F10AM.8,,,DOWNSTREAM: 1782 bases,,,,,,
III,2501667,G,T,SNP,Hom,76.66,121,,WBGene00021852,Y54F10AM.8,ensembl,Y54F10AM.8,,,DOWNSTREAM: 1781 bases,,,,,,
III,2577402,A,T,SNP,Hom,764.34,23,,WBGene00022197,Y71H2B.8,ensembl,Y71H2B.8,,,UPSTREAM: 1912 bases,,,,,,
III,2577402,A,T,SNP,Hom,764.34,23,,WBGene00021854,Y54F10AR.1,ensembl,Y54F10AR.1,,,UPSTREAM: 1717 bases,,,,,,
III,2627515,T,C,SNP,Hom,577.45,18,,WBGene00022193,ppfr-4,ensembl,Y71H2B.3,,,DOWNSTREAM: 4466 bases,,,,,,
III,2627515,T,C,SNP,Hom,577.45,18,,WBGene00022192,Y71H2B.2,ensembl,Y71H2B.2,,,UTR_3_PRIME: 40 bases from CDS,,,,,,
III,2627515,T,C,SNP,Hom,577.45,18,,WBGene00022191,Y71H2B.1,ensembl,Y71H2B.1,,,UPSTREAM: 1496 bases,,,,,,
III,2653195,A,C,SNP,Hom,74.39,3,,WBGene00023084,H19M22.4,ensembl,H19M22.4,,,UPSTREAM: 1630 bases,,,,,,
III,2653195,A,C,SNP,Hom,74.39,3,,WBGene00002915,let-805,ensembl,H19M22.2d,,,UPSTREAM: 4888 bases,,,,,,
III,2653195,A,C,SNP,Hom,74.39,3,,WBGene00002915,let-805,ensembl,H19M22.2b,,,UPSTREAM: 4888 bases,,,,,,
III,2653195,A,C,SNP,Hom,74.39,3,,WBGene00002915,let-805,ensembl,H19M22.2a,,,UPSTREAM: 4888 bases,,,,,,
III,2653195,A,C,SNP,Hom,74.39,3,,WBGene00198836,H19M22.7,ensembl,H19M22.7,,,UPSTREAM: 4724 bases,,,,,,
III,2653195,A,C,SNP,Hom,74.39,3,,WBGene00200424,H19M22.9,ensembl,H19M22.9,,,UPSTREAM: 2877 bases,,,,,,
III,2653195,A,C,SNP,Hom,74.39,3,,WBGene00196094,H19M22.5,ensembl,H19M22.5,,,DOWNSTREAM: 2877 bases,,,,,,
III,2728822,G,T,SNP,Hom,685.42,19,,WBGene00022176,Y71H2AM.11,ensembl,Y71H2AM.11,,,UPSTREAM: 3730 bases,,,,,,
III,2728822,G,T,SNP,Hom,685.42,19,,WBGene00022172,cosa-1,ensembl,Y71H2AM.7,,,INTRON,,,,,1083,
III,2728822,G,T,SNP,Hom,685.42,19,,WBGene00022177,Y71H2AM.12,ensembl,Y71H2AM.12,,,DOWNSTREAM: 2518 bases,,,,,,