"WBGene00007078	chromatin (Hobert 2012)"
"WBGene00007094	chromatin (Hobert 2012)"
"WBGene00001646	chromatin (Hobert 2012)"
"WBGene00001919	chromatin (Hobert 2012)"
"WBGene00015017	chromatin (Hobert 2012)"
"WBGene00004466	chromatin (Hobert 2012)"
"WBGene00002191	chromatin (Hobert 2012)"
"WBGene00015023	chromatin (Hobert 2012)"
"WBGene00000099	chromatin (Hobert 2012)"
"WBGene00015037	chromatin (Hobert 2012)"
"WBGene00015074	chromatin (Hobert 2012)"
"WBGene00015091	chromatin (Hobert 2012)"
"WBGene00015110	chromatin (Hobert 2012)"
"WBGene00015147	chromatin (Hobert 2012)"
"WBGene00006780	chromatin (Hobert 2012)"
"WBGene00007198	chromatin (Hobert 2012)"
"WBGene00006599	chromatin (Hobert 2012)"
"WBGene00015247	chromatin (Hobert 2012)"
"WBGene00015268	chromatin (Hobert 2012)"
"WBGene00015285	chromatin (Hobert 2012)"
"WBGene00015291	chromatin (Hobert 2012)"
"WBGene00002717	chromatin (Hobert 2012)"
"WBGene00007256	chromatin (Hobert 2012)"
"WBGene00007258	chromatin (Hobert 2012)"
"WBGene00001194	chromatin (Hobert 2012)"
"WBGene00014665	chromatin (Hobert 2012)"
"WBGene00003432	chromatin (Hobert 2012)"
"WBGene00001514	chromatin (Hobert 2012)"
"WBGene00015501	chromatin (Hobert 2012)"
"WBGene00006716	chromatin (Hobert 2012)"
"WBGene00007387	chromatin (Hobert 2012)"
"WBGene00007403	chromatin (Hobert 2012)"
"WBGene00001835	chromatin (Hobert 2012)"
"WBGene00007433	chromatin (Hobert 2012)"
"WBGene00007434	chromatin (Hobert 2012)"
"WBGene00007454	chromatin (Hobert 2012)"
"WBGene00003448	chromatin (Hobert 2012)"
"WBGene00044001	chromatin (Hobert 2012)"
"WBGene00003224	chromatin (Hobert 2012)"
"WBGene00001837	chromatin (Hobert 2012)"
"WBGene00006384	chromatin (Hobert 2012)"
"WBGene00003026	chromatin (Hobert 2012)"
"WBGene00015716	chromatin (Hobert 2012)"
"WBGene00000102	chromatin (Hobert 2012)"
"WBGene00006474	chromatin (Hobert 2012)"
"WBGene00004042	chromatin (Hobert 2012)"
"WBGene00001565	chromatin (Hobert 2012)"
"WBGene00015797	chromatin (Hobert 2012)"
"WBGene00015816	chromatin (Hobert 2012)"
"WBGene00015817	chromatin (Hobert 2012)"
"WBGene00015806	chromatin (Hobert 2012)"
"WBGene00007625	chromatin (Hobert 2012)"
"WBGene00004381	chromatin (Hobert 2012)"
"WBGene00007645	chromatin (Hobert 2012)"
"WBGene00015938	chromatin (Hobert 2012)"
"WBGene00015971	chromatin (Hobert 2012)"
"WBGene00001855	chromatin (Hobert 2012)"
"WBGene00015999	chromatin (Hobert 2012)"
"WBGene00004507	chromatin (Hobert 2012)"
"WBGene00004106	chromatin (Hobert 2012)"
"WBGene00016061	chromatin (Hobert 2012)"
"WBGene00007725	chromatin (Hobert 2012)"
"WBGene00007732	chromatin (Hobert 2012)"
"WBGene00007042	chromatin (Hobert 2012)"
"WBGene00000938	chromatin (Hobert 2012)"
"WBGene00016145	chromatin (Hobert 2012)"
"WBGene00016139	chromatin (Hobert 2012)"
"WBGene00004782	chromatin (Hobert 2012)"
"WBGene00007761	chromatin (Hobert 2012)"
"WBGene00006718	chromatin (Hobert 2012)"
"WBGene00016200	chromatin (Hobert 2012)"
"WBGene00007801	chromatin (Hobert 2012)"
"WBGene00007813	chromatin (Hobert 2012)"
"WBGene00016220	chromatin (Hobert 2012)"
"WBGene00016236	chromatin (Hobert 2012)"
"WBGene00016313	chromatin (Hobert 2012)"
"WBGene00003020	chromatin (Hobert 2012)"
"WBGene00001973	chromatin (Hobert 2012)"
"WBGene00003435	chromatin (Hobert 2012)"
"WBGene00007911	chromatin (Hobert 2012)"
"WBGene00007914	chromatin (Hobert 2012)"
"WBGene00016408	chromatin (Hobert 2012)"
"WBGene00003443	chromatin (Hobert 2012)"
"WBGene00003442	chromatin (Hobert 2012)"
"WBGene00007953	chromatin (Hobert 2012)"
"WBGene00006701	chromatin (Hobert 2012)"
"WBGene00000264	chromatin (Hobert 2012)"
"WBGene00003210	chromatin (Hobert 2012)"
"WBGene00008035	chromatin (Hobert 2012)"
"WBGene00016539	chromatin (Hobert 2012)"
"WBGene00044585	chromatin (Hobert 2012)"
"WBGene00004887	chromatin (Hobert 2012)"
"WBGene00008062	chromatin (Hobert 2012)"
"WBGene00016601	chromatin (Hobert 2012)"
"WBGene00000382	chromatin (Hobert 2012)"
"WBGene00016603	chromatin (Hobert 2012)"
"WBGene00008081	chromatin (Hobert 2012)"
"WBGene00008092	chromatin (Hobert 2012)"
"WBGene00016663	chromatin (Hobert 2012)"
"WBGene00001827	chromatin (Hobert 2012)"
"WBGene00007028	chromatin (Hobert 2012)"
"WBGene00008149	chromatin (Hobert 2012)"
"WBGene00008145	chromatin (Hobert 2012)"
"WBGene00008206	chromatin (Hobert 2012)"
"WBGene00008209	chromatin (Hobert 2012)"
"WBGene00016796	chromatin (Hobert 2012)"
"WBGene00004945	chromatin (Hobert 2012)"
"WBGene00016868	chromatin (Hobert 2012)"
"WBGene00001834	chromatin (Hobert 2012)"
"WBGene00008311	chromatin (Hobert 2012)"
"WBGene00016977	chromatin (Hobert 2012)"
"WBGene00016983	chromatin (Hobert 2012)"
"WBGene00016992	chromatin (Hobert 2012)"
"WBGene00016993	chromatin (Hobert 2012)"
"WBGene00008350	chromatin (Hobert 2012)"
"WBGene00005006	chromatin (Hobert 2012)"
"WBGene00006703	chromatin (Hobert 2012)"
"WBGene00008386	chromatin (Hobert 2012)"
"WBGene00017046	chromatin (Hobert 2012)"
"WBGene00017075	chromatin (Hobert 2012)"
"WBGene00004033	chromatin (Hobert 2012)"
"WBGene00001943	chromatin (Hobert 2012)"
"WBGene00004204	chromatin (Hobert 2012)"
"WBGene00008527	chromatin (Hobert 2012)"
"WBGene00004117	chromatin (Hobert 2012)"
"WBGene00001923	chromatin (Hobert 2012)"
"WBGene00017195	chromatin (Hobert 2012)"
"WBGene00001916	chromatin (Hobert 2012)"
"WBGene00003462	chromatin (Hobert 2012)"
"WBGene00004034	chromatin (Hobert 2012)"
"WBGene00017317	chromatin (Hobert 2012)"
"WBGene00017352	chromatin (Hobert 2012)"
"WBGene00006626	chromatin (Hobert 2012)"
"WBGene00008682	chromatin (Hobert 2012)"
"WBGene00017423	chromatin (Hobert 2012)"
"WBGene00008747	chromatin (Hobert 2012)"
"WBGene00000274	chromatin (Hobert 2012)"
"WBGene00017482	chromatin (Hobert 2012)"
"WBGene00004684	chromatin (Hobert 2012)"
"WBGene00008902	chromatin (Hobert 2012)"
"WBGene00001906	chromatin (Hobert 2012)"
"WBGene00009025	chromatin (Hobert 2012)"
"WBGene00001937	chromatin (Hobert 2012)"
"WBGene00009052	chromatin (Hobert 2012)"
"WBGene00001178	chromatin (Hobert 2012)"
"WBGene00001854	chromatin (Hobert 2012)"
"WBGene00017715	chromatin (Hobert 2012)"
"WBGene00017729	chromatin (Hobert 2012)"
"WBGene00009089	chromatin (Hobert 2012)"
"WBGene00017742	chromatin (Hobert 2012)"
"WBGene00017749	chromatin (Hobert 2012)"
"WBGene00017757	chromatin (Hobert 2012)"
"WBGene00003847	chromatin (Hobert 2012)"
"WBGene00002005	chromatin (Hobert 2012)"
"WBGene00002637	chromatin (Hobert 2012)"
"WBGene00003598	chromatin (Hobert 2012)"
"WBGene00003424	chromatin (Hobert 2012)"
"WBGene00003437	chromatin (Hobert 2012)"
"WBGene00009180	chromatin (Hobert 2012)"
"WBGene00009224	chromatin (Hobert 2012)"
"WBGene00000103	chromatin (Hobert 2012)"
"WBGene00009233	chromatin (Hobert 2012)"
"WBGene00017920	chromatin (Hobert 2012)"
"WBGene00004205	chromatin (Hobert 2012)"
"WBGene00006706	chromatin (Hobert 2012)"
"WBGene00009267	chromatin (Hobert 2012)"
"WBGene00017967	chromatin (Hobert 2012)"
"WBGene00003078	chromatin (Hobert 2012)"
"WBGene00003464	chromatin (Hobert 2012)"
"WBGene00017990	chromatin (Hobert 2012)"
"WBGene00017992	chromatin (Hobert 2012)"
"WBGene00017993	chromatin (Hobert 2012)"
"WBGene00001568	chromatin (Hobert 2012)"
"WBGene00009370	chromatin (Hobert 2012)"
"WBGene00018023	chromatin (Hobert 2012)"
"WBGene00006490	chromatin (Hobert 2012)"
"WBGene00003445	chromatin (Hobert 2012)"
"WBGene00003426	chromatin (Hobert 2012)"
"WBGene00002169	chromatin (Hobert 2012)"
"WBGene00001029	chromatin (Hobert 2012)"
"WBGene00004950	chromatin (Hobert 2012)"
"WBGene00009595	chromatin (Hobert 2012)"
"WBGene00006715	chromatin (Hobert 2012)"
"WBGene00018319	chromatin (Hobert 2012)"
"WBGene00018327	chromatin (Hobert 2012)"
"WBGene00003034	chromatin (Hobert 2012)"
"WBGene00009663	chromatin (Hobert 2012)"
"WBGene00005013	chromatin (Hobert 2012)"
"WBGene00009672	chromatin (Hobert 2012)"
"WBGene00001945	chromatin (Hobert 2012)"
"WBGene00001975	chromatin (Hobert 2012)"
"WBGene00001880	chromatin (Hobert 2012)"
"WBGene00009793	chromatin (Hobert 2012)"
"WBGene00004802	chromatin (Hobert 2012)"
"WBGene00004801	chromatin (Hobert 2012)"
"WBGene00001972	chromatin (Hobert 2012)"
"WBGene00018569	chromatin (Hobert 2012)"
"WBGene00009827	chromatin (Hobert 2012)"
"WBGene00009831	chromatin (Hobert 2012)"
"WBGene00006393	chromatin (Hobert 2012)"
"WBGene00006424	chromatin (Hobert 2012)"
"WBGene00009924	chromatin (Hobert 2012)"
"WBGene00018669	chromatin (Hobert 2012)"
"WBGene00001092	chromatin (Hobert 2012)"
"WBGene00014769	chromatin (Hobert 2012)"
"WBGene00018778	chromatin (Hobert 2012)"
"WBGene00000803	chromatin (Hobert 2012)"
"WBGene00010007	chromatin (Hobert 2012)"
"WBGene00010010	chromatin (Hobert 2012)"
"WBGene00010011	chromatin (Hobert 2012)"
"WBGene00000262	chromatin (Hobert 2012)"
"WBGene00003221	chromatin (Hobert 2012)"
"WBGene00005014	chromatin (Hobert 2012)"
"WBGene00018794	chromatin (Hobert 2012)"
"WBGene00010036	chromatin (Hobert 2012)"
"WBGene00018812	chromatin (Hobert 2012)"
"WBGene00001929	chromatin (Hobert 2012)"
"WBGene00010061	chromatin (Hobert 2012)"
"WBGene00006975	chromatin (Hobert 2012)"
"WBGene00018836	chromatin (Hobert 2012)"
"WBGene00010067	chromatin (Hobert 2012)"
"WBGene00003597	chromatin (Hobert 2012)"
"WBGene00001933	chromatin (Hobert 2012)"
"WBGene00010120	chromatin (Hobert 2012)"
"WBGene00018909	chromatin (Hobert 2012)"
"WBGene00014772	chromatin (Hobert 2012)"
"WBGene00004032	chromatin (Hobert 2012)"
"WBGene00006704	chromatin (Hobert 2012)"
"WBGene00001831	chromatin (Hobert 2012)"
"WBGene00003438	chromatin (Hobert 2012)"
"WBGene00019026	chromatin (Hobert 2012)"
"WBGene00003460	chromatin (Hobert 2012)"
"WBGene00019095	chromatin (Hobert 2012)"
"WBGene00019118	chromatin (Hobert 2012)"
"WBGene00019130	chromatin (Hobert 2012)"
"WBGene00019158	chromatin (Hobert 2012)"
"WBGene00010369	chromatin (Hobert 2012)"
"WBGene00019190	chromatin (Hobert 2012)"
"WBGene00019217	chromatin (Hobert 2012)"
"WBGene00001996	chromatin (Hobert 2012)"
"WBGene00019303	chromatin (Hobert 2012)"
"WBGene00001914	chromatin (Hobert 2012)"
"WBGene00010523	chromatin (Hobert 2012)"
"WBGene00010537	chromatin (Hobert 2012)"
"WBGene00010545	chromatin (Hobert 2012)"
"WBGene00001089	chromatin (Hobert 2012)"
"WBGene00003469	chromatin (Hobert 2012)"
"WBGene00003456	chromatin (Hobert 2012)"
"WBGene00001901	chromatin (Hobert 2012)"
"WBGene00001891	chromatin (Hobert 2012)"
"WBGene00019455	chromatin (Hobert 2012)"
"WBGene00004312	chromatin (Hobert 2012)"
"WBGene00003036	chromatin (Hobert 2012)"
"WBGene00000098	chromatin (Hobert 2012)"
"WBGene00003467	chromatin (Hobert 2012)"
"WBGene00003425	chromatin (Hobert 2012)"
"WBGene00003449	chromatin (Hobert 2012)"
"WBGene00004949	chromatin (Hobert 2012)"
"WBGene00005015	chromatin (Hobert 2012)"
"WBGene00014801	chromatin (Hobert 2012)"
"WBGene00044226	chromatin (Hobert 2012)"
"WBGene00010677	chromatin (Hobert 2012)"
"WBGene00003434	chromatin (Hobert 2012)"
"WBGene00001995	chromatin (Hobert 2012)"
"WBGene00010704	chromatin (Hobert 2012)"
"WBGene00010708	chromatin (Hobert 2012)"
"WBGene00002006	chromatin (Hobert 2012)"
"WBGene00019584	chromatin (Hobert 2012)"
"WBGene00019627	chromatin (Hobert 2012)"
"WBGene00006394	chromatin (Hobert 2012)"
"WBGene00004888	chromatin (Hobert 2012)"
"WBGene00003400	chromatin (Hobert 2012)"
"WBGene00010785	chromatin (Hobert 2012)"
"WBGene00010808	chromatin (Hobert 2012)"
"WBGene00010840	chromatin (Hobert 2012)"
"WBGene00044069	chromatin (Hobert 2012)"
"WBGene00010845	chromatin (Hobert 2012)"
"WBGene00003218	chromatin (Hobert 2012)"
"WBGene00001585	chromatin (Hobert 2012)"
"WBGene00019777	chromatin (Hobert 2012)"
"WBGene00002344	chromatin (Hobert 2012)"
"WBGene00006713	chromatin (Hobert 2012)"
"WBGene00019864	chromatin (Hobert 2012)"
"WBGene00044281	chromatin (Hobert 2012)"
"WBGene00019883	chromatin (Hobert 2012)"
"WBGene00007008	chromatin (Hobert 2012)"
"WBGene00011027	chromatin (Hobert 2012)"
"WBGene00003429	chromatin (Hobert 2012)"
"WBGene00003430	chromatin (Hobert 2012)"
"WBGene00003431	chromatin (Hobert 2012)"
"WBGene00003220	chromatin (Hobert 2012)"
"WBGene00001836	chromatin (Hobert 2012)"
"WBGene00003041	chromatin (Hobert 2012)"
"WBGene00011068	chromatin (Hobert 2012)"
"WBGene00011116	chromatin (Hobert 2012)"
"WBGene00011111	chromatin (Hobert 2012)"
"WBGene00019953	chromatin (Hobert 2012)"
"WBGene00019947	chromatin (Hobert 2012)"
"WBGene00006707	chromatin (Hobert 2012)"
"WBGene00003123	chromatin (Hobert 2012)"
"WBGene00000366	chromatin (Hobert 2012)"
"WBGene00006385	chromatin (Hobert 2012)"
"WBGene00004800	chromatin (Hobert 2012)"
"WBGene00020006	chromatin (Hobert 2012)"
"WBGene00000137	chromatin (Hobert 2012)"
"WBGene00003450	chromatin (Hobert 2012)"
"WBGene00003446	chromatin (Hobert 2012)"
"WBGene00020111	chromatin (Hobert 2012)"
"WBGene00002196	chromatin (Hobert 2012)"
"WBGene00011352	chromatin (Hobert 2012)"
"WBGene00011365	chromatin (Hobert 2012)"
"WBGene00011368	chromatin (Hobert 2012)"
"WBGene00004145	chromatin (Hobert 2012)"
"WBGene00020214	chromatin (Hobert 2012)"
"WBGene00020235	chromatin (Hobert 2012)"
"WBGene00001976	chromatin (Hobert 2012)"
"WBGene00001859	chromatin (Hobert 2012)"
"WBGene00020299	chromatin (Hobert 2012)"
"WBGene00001332	chromatin (Hobert 2012)"
"WBGene00020314	chromatin (Hobert 2012)"
"WBGene00020320	chromatin (Hobert 2012)"
"WBGene00011615	chromatin (Hobert 2012)"
"WBGene00011636	chromatin (Hobert 2012)"
"WBGene00020390	chromatin (Hobert 2012)"
"WBGene00001876	chromatin (Hobert 2012)"
"WBGene00020408	chromatin (Hobert 2012)"
"WBGene00011729	chromatin (Hobert 2012)"
"WBGene00006391	chromatin (Hobert 2012)"
"WBGene00020463	chromatin (Hobert 2012)"
"WBGene00003040	chromatin (Hobert 2012)"
"WBGene00003466	chromatin (Hobert 2012)"
"WBGene00003465	chromatin (Hobert 2012)"
"WBGene00011743	chromatin (Hobert 2012)"
"WBGene00000482	chromatin (Hobert 2012)"
"WBGene00011785	chromatin (Hobert 2012)"
"WBGene00011782	chromatin (Hobert 2012)"
"WBGene00001974	chromatin (Hobert 2012)"
"WBGene00011887	chromatin (Hobert 2012)"
"WBGene00044070	chromatin (Hobert 2012)"
"WBGene00001182	chromatin (Hobert 2012)"
"WBGene00001560	chromatin (Hobert 2012)"
"WBGene00020716	chromatin (Hobert 2012)"
"WBGene00011939	chromatin (Hobert 2012)"
"WBGene00000476	chromatin (Hobert 2012)"
"WBGene00001647	chromatin (Hobert 2012)"
"WBGene00011964	chromatin (Hobert 2012)"
"WBGene00020742	chromatin (Hobert 2012)"
"WBGene00020779	chromatin (Hobert 2012)"
"WBGene00020821	chromatin (Hobert 2012)"
"WBGene00004781	chromatin (Hobert 2012)"
"WBGene00020823	chromatin (Hobert 2012)"
"WBGene00003025	chromatin (Hobert 2012)"
"WBGene00004806	chromatin (Hobert 2012)"
"WBGene00012109	chromatin (Hobert 2012)"
"WBGene00012110	chromatin (Hobert 2012)"
"WBGene00012111	chromatin (Hobert 2012)"
"WBGene00012112	chromatin (Hobert 2012)"
"WBGene00007029	chromatin (Hobert 2012)"
"WBGene00020919	chromatin (Hobert 2012)"
"WBGene00020920	chromatin (Hobert 2012)"
"WBGene00044749	chromatin (Hobert 2012)"
"WBGene00006700	chromatin (Hobert 2012)"
"WBGene00012209	chromatin (Hobert 2012)"
"WBGene00012218	chromatin (Hobert 2012)"
"WBGene00006382	chromatin (Hobert 2012)"
"WBGene00021018	chromatin (Hobert 2012)"
"WBGene00003599	chromatin (Hobert 2012)"
"WBGene00012302	chromatin (Hobert 2012)"
"WBGene00012298	chromatin (Hobert 2012)"
"WBGene00004298	chromatin (Hobert 2012)"
"WBGene00001947	chromatin (Hobert 2012)"
"WBGene00004077	chromatin (Hobert 2012)"
"WBGene00004789	chromatin (Hobert 2012)"
"WBGene00022425	chromatin (Hobert 2012)"
"WBGene00013676	chromatin (Hobert 2012)"
"WBGene00022431	chromatin (Hobert 2012)"
"WBGene00005020	chromatin (Hobert 2012)"
"WBGene00006710	chromatin (Hobert 2012)"
"WBGene00002804	chromatin (Hobert 2012)"
"WBGene00007030	chromatin (Hobert 2012)"
"WBGene00013763	chromatin (Hobert 2012)"
"WBGene00013766	chromatin (Hobert 2012)"
"WBGene00004203	chromatin (Hobert 2012)"
"WBGene00048283	chromatin (Hobert 2012)"
"WBGene00013792	chromatin (Hobert 2012)"
"WBGene00050174	chromatin (Hobert 2012)"
"WBGene00013799	chromatin (Hobert 2012)"
"WBGene00022473	chromatin (Hobert 2012)"
"WBGene00021192	chromatin (Hobert 2012)"
"WBGene00001977	chromatin (Hobert 2012)"
"WBGene00012458	chromatin (Hobert 2012)"
"WBGene00012474	chromatin (Hobert 2012)"
"WBGene00021214	chromatin (Hobert 2012)"
"WBGene00003222	chromatin (Hobert 2012)"
"WBGene00012527	chromatin (Hobert 2012)"
"WBGene00003085	chromatin (Hobert 2012)"
"WBGene00012551	chromatin (Hobert 2012)"
"WBGene00003406	chromatin (Hobert 2012)"
"WBGene00021474	chromatin (Hobert 2012)"
"WBGene00021465	chromatin (Hobert 2012)"
"WBGene00021466	chromatin (Hobert 2012)"
"WBGene00021483	chromatin (Hobert 2012)"
"WBGene00005010	chromatin (Hobert 2012)"
"WBGene00021515	chromatin (Hobert 2012)"
"WBGene00000416	chromatin (Hobert 2012)"
"WBGene00012845	chromatin (Hobert 2012)"
"WBGene00012802	chromatin (Hobert 2012)"
"WBGene00003755	chromatin (Hobert 2012)"
"WBGene00012877	chromatin (Hobert 2012)"
"WBGene00014898	chromatin (Hobert 2012)"
"WBGene00021604	chromatin (Hobert 2012)"
"WBGene00012929	chromatin (Hobert 2012)"
"WBGene00012943	chromatin (Hobert 2012)"
"WBGene00021645	chromatin (Hobert 2012)"
"WBGene00021636	chromatin (Hobert 2012)"
"WBGene00012982	chromatin (Hobert 2012)"
"WBGene00001971	chromatin (Hobert 2012)"
"WBGene00000819	chromatin (Hobert 2012)"
"WBGene00014904	chromatin (Hobert 2012)"
"WBGene00001946	chromatin (Hobert 2012)"
"WBGene00013031	chromatin (Hobert 2012)"
"WBGene00014903	chromatin (Hobert 2012)"
"WBGene00013047	chromatin (Hobert 2012)"
"WBGene00013095	chromatin (Hobert 2012)"
"WBGene00001838	chromatin (Hobert 2012)"
"WBGene00013106	chromatin (Hobert 2012)"
"WBGene00044439	chromatin (Hobert 2012)"
"WBGene00021795	chromatin (Hobert 2012)"
"WBGene00013150	chromatin (Hobert 2012)"
"WBGene00021810	chromatin (Hobert 2012)"
"WBGene00021813	chromatin (Hobert 2012)"
"WBGene00021815	chromatin (Hobert 2012)"
"WBGene00006711	chromatin (Hobert 2012)"
"WBGene00006708	chromatin (Hobert 2012)"
"WBGene00021913	chromatin (Hobert 2012)"
"WBGene00006396	chromatin (Hobert 2012)"
"WBGene00013246	chromatin (Hobert 2012)"
"WBGene00013247	chromatin (Hobert 2012)"
"WBGene00013248	chromatin (Hobert 2012)"
"WBGene00013249	chromatin (Hobert 2012)"
"WBGene00013250	chromatin (Hobert 2012)"
"WBGene00013251	chromatin (Hobert 2012)"
"WBGene00013252	chromatin (Hobert 2012)"
"WBGene00013253	chromatin (Hobert 2012)"
"WBGene00021997	chromatin (Hobert 2012)"
"WBGene00022002	chromatin (Hobert 2012)"
"WBGene00022005	chromatin (Hobert 2012)"
"WBGene00004043	chromatin (Hobert 2012)"
"WBGene00006702	chromatin (Hobert 2012)"
"WBGene00022182	chromatin (Hobert 2012)"
"WBGene00022223	chromatin (Hobert 2012)"
"WBGene00022278	chromatin (Hobert 2012)"
"WBGene00044000	chromatin (Hobert 2012)"
"WBGene00013543	chromatin (Hobert 2012)"
"WBGene00006709	chromatin (Hobert 2012)"
"WBGene00006705	chromatin (Hobert 2012)"
"WBGene00021186	chromatin (Hobert 2012)"
"WBGene00021187	chromatin (Hobert 2012)"
"WBGene00022530	chromatin (Hobert 2012)"
"WBGene00022512	chromatin (Hobert 2012)"
"WBGene00022499	chromatin (Hobert 2012)"
"WBGene00014217	chromatin (Hobert 2012)"
"WBGene00003559	chromatin (Hobert 2012)"
"WBGene00022850	chromatin (Hobert 2012)"
"WBGene00022854	chromatin (Hobert 2012)"
"WBGene00044072	chromatin (Hobert 2012)"
"WBGene00000414	chromatin (Hobert 2012)"
"WBGene00022866	chromatin (Hobert 2012)"
"WBGene00022867	chromatin (Hobert 2012)"
"WBGene00022868	chromatin (Hobert 2012)"
"WBGene00022884	chromatin (Hobert 2012)"
"WBGene00022875	chromatin (Hobert 2012)"
"WBGene00003457	chromatin (Hobert 2012)"
"WBGene00003463	chromatin (Hobert 2012)"
"WBGene00001899	chromatin (Hobert 2012)"
"WBGene00001883	chromatin (Hobert 2012)"
"WBGene00001887	chromatin (Hobert 2012)"
"WBGene00004468	chromatin (Hobert 2012)"
"WBGene00003458	chromatin (Hobert 2012)"
"WBGene00003451	chromatin (Hobert 2012)"
"WBGene00003452	chromatin (Hobert 2012)"
"WBGene00003468	chromatin (Hobert 2012)"
"WBGene00003444	chromatin (Hobert 2012)"
"WBGene00044559	chromatin (Hobert 2012)"
"WBGene00022728	chromatin (Hobert 2012)"
"WBGene00022729	chromatin (Hobert 2012)"
"WBGene00022730	chromatin (Hobert 2012)"
"WBGene00022731	chromatin (Hobert 2012)"
"WBGene00022760	chromatin (Hobert 2012)"
"WBGene00003470	chromatin (Hobert 2012)"
"WBGene00004319	chromatin (Hobert 2012)"
"WBGene00001470	chromatin (Hobert 2012)"
"WBGene00001088	chromatin (Hobert 2012)"
WBGene00003394 WNT (Rook)
WBGene00011057 WNT (Rook)
WBGene00006931 WNT (Rook)
WBGene00014234 WNT (Rook)
WBGene00006933 WNT (Rook)
WBGene00006503 WNT (Rook)
WBGene00003395 WNT (Rook)
WBGene00003029 WNT (Rook)
WBGene00001188 WNT (Rook)
WBGene00000857 WNT (Rook)
WBGene00000858 WNT (Rook)
WBGene00003397 WNT (Rook)
WBGene00003006 WNT (Rook)
WBGene00003238 WNT (Rook)
WBGene00000478 WNT (Rook)
WBGene00000289 WNT (Rook)
WBGene00003007 WNT (Rook)
WBGene00022242 WNT (Rook)
WBGene00002202 WNT (Rook)
WBGene00003241 WNT (Rook)
WBGene00001101 WNT (Rook)
WBGene00001102 WNT (Rook)
WBGene00001746 WNT (Rook)
WBGene00004202 WNT (Rook)
WBGene00010497 WNT (Rook)
WBGene00000156 WNT (Rook)
WBGene00003009 WNT (Rook)
WBGene00003048 WNT (Rook)
WBGene00003396 WNT (Rook)
WBGene00006524 WNT (Rook)
WBGene00000238 WNT (Rook)
WBGene00011946 WNT (Rook)
WBGene00006943 WNT (Rook)
WBGene00001979 WNT (Rook)
WBGene00004077 WNT (Rook)
WBGene00006773 WNT (Rook)
WBGene00015171 WNT (Rook)
WBGene00022727 WNT (Rook)
WBGene00000398 WNT (Rook)
WBGene00006379 WNT (Rook)
WBGene00003916 POLARITY (Poole)
WBGene00003917 POLARITY (Poole)
WBGene00003918 POLARITY (Poole)
WBGene00003919 POLARITY (Poole)
WBGene00003920 POLARITY (Poole)
WBGene00003921 POLARITY (Poole)
WBGene00021012 POLARITY (Poole)
WBGene00000566 POLARITY (Poole)
WBGene00003777 POLARITY (Poole)
WBGene00002994 POLARITY (Poole)
WBGene00001663 POLARITY (Poole)
WBGene00001664 POLARITY (Poole)
WBGene00002297 POLARITY (Poole)
WBGene00001743 POLARITY (Poole)
WBGene00013223 POLARITY (Poole)
WBGene00019726 POLARITY (Poole)
WBGene00000182 POLARITY (Poole)
WBGene00000183 POLARITY (Poole)
WBGene00000184 POLARITY (Poole)
"WBGene00003394	WNT (Rook)"
"WBGene00011057	WNT (Rook)"
"WBGene00006931	WNT (Rook)"
"WBGene00014234	WNT (Rook)"
"WBGene00006933	WNT (Rook)"
"WBGene00006503	WNT (Rook)"
"WBGene00003395	WNT (Rook)"
"WBGene00003029	WNT (Rook)"
"WBGene00001188	WNT (Rook)"
"WBGene00000857	WNT (Rook)"
"WBGene00000858	WNT (Rook)"
"WBGene00003397	WNT (Rook)"
"WBGene00003006	WNT (Rook)"
"WBGene00003238	WNT (Rook)"
"WBGene00000478	WNT (Rook)"
"WBGene00000289	WNT (Rook)"
"WBGene00003007	WNT (Rook)"
"WBGene00022242	WNT (Rook)"
"WBGene00002202	WNT (Rook)"
"WBGene00003241	WNT (Rook)"
"WBGene00001101	WNT (Rook)"
"WBGene00001102	WNT (Rook)"
"WBGene00001746	WNT (Rook)"
"WBGene00004202	WNT (Rook)"
"WBGene00010497	WNT (Rook)"
"WBGene00000156	WNT (Rook)"
"WBGene00003009	WNT (Rook)"
"WBGene00003048	WNT (Rook)"
"WBGene00003396	WNT (Rook)"
"WBGene00006524	WNT (Rook)"
"WBGene00000238	WNT (Rook)"
"WBGene00011946	WNT (Rook)"
"WBGene00006943	WNT (Rook)"
"WBGene00001979	WNT (Rook)"
"WBGene00004077	WNT (Rook)"
"WBGene00006773	WNT (Rook)"
"WBGene00015171	WNT (Rook)"
"WBGene00022727	WNT (Rook)"
"WBGene00000398	WNT (Rook)"
"WBGene00006379	WNT (Rook)"
"WBGene00003916	POLARITY (Poole)"
"WBGene00003917	POLARITY (Poole)"
"WBGene00003918	POLARITY (Poole)"
"WBGene00003919	POLARITY (Poole)"
"WBGene00003920	POLARITY (Poole)"
"WBGene00003921	POLARITY (Poole)"
"WBGene00021012	POLARITY (Poole)"
"WBGene00000566	POLARITY (Poole)"
"WBGene00003777	POLARITY (Poole)"
"WBGene00002994	POLARITY (Poole)"
"WBGene00001663	POLARITY (Poole)"
"WBGene00001664	POLARITY (Poole)"
"WBGene00002297	POLARITY (Poole)"
"WBGene00001743	POLARITY (Poole)"
"WBGene00013223	POLARITY (Poole)"
"WBGene00019726	POLARITY (Poole)"
"WBGene00000182	POLARITY (Poole)"
"WBGene00000183	POLARITY (Poole)"
"WBGene00000184	POLARITY (Poole)"
