rank,causal_probability,confidence,variant_id,gene,Gene_name_csv,effect,impact_bucket,ems,ems_label_raw,qual,depth,Narrative,Narrative_confidence,rationale
1,0.65,0.72,II:8998932 G>A,tdp-1,tdp-1,splice_acceptor_variant&intron_variant,HIGH,False,,34.4,,"This HIGH-impact splice-acceptor variant in tdp-1 likely disrupts TDP-1 function; because TDP-1/TDP-43 family proteins regulate RNA splicing and neuronal homeostasis, loss of tdp-1 could perturb splicing of transcripts required for AMso asymmetric division or MCM differentiation, resulting in symmetric glial daughters [Effect=splice_acceptor_variant&intron_variant; non-EMS; GeneRef: PMID 40891506, 32531261, 33963840].",0.72,"HIGH-impact splice acceptor change in tdp-1 likely disrupts RNA processing in neurons or glia; TDP-1/TDP-43 family has established neuronal roles and can affect splicing of determinants required for asymmetric divisions or neuronal differentiation, plausibly producing the AMso symmetric-division phenotype [Effect=splice_acceptor_variant&intron_variant; non-EMS; GeneRef: PMID 40891506, 32531261, 33963840]."
2,0.18,0.45,V:20636314 A>T,ttr-13,ttr-13,splice_donor_variant&intron_variant,HIGH,False,,32.5,,"A HIGH-impact splice-donor variant in ttr-13 predicts a strong disruption; although functional annotation is sparse, ttr-13 is predicted cell-surface localized, and loss of a secreted or membrane factor could alter extracellular cues that instruct AMso polarity or neuronal differentiation, plausibly causing loss of MCM fate [Effect=splice_donor_variant&intron_variant; non-EMS].",0.45,"HIGH-impact splice-donor variant in ttr-13 predicts a strong perturbation of gene function. Although ttr-13 has limited annotation, a disrupted cell-surface or secreted protein could alter local signaling or extracellular cues required for AMso asymmetric division or MCM differentiation, making it a plausible contributor to the phenotype [Effect=splice_donor_variant&intron_variant; non-EMS]."
3,0.16,0.6,I:9982115 C>T,sys-1,sys-1,missense_variant,MODERATE,False,,33.7,,"sys-1 is a central Wnt/beta-catenin asymmetry pathway effector that patterns asymmetric neuroblast divisions; a missense variant in sys-1 could impair asymmetric fate specification of AMso daughters so that both adopt glial fate rather than producing an MCM neuron, consistent with known roles of Wnt asymmetry in neuroblast fate choices [Effect=missense_variant; non-EMS; GeneRef: PMID 29962933, 19389360, 21917811].",0.6,"sys-1 is a core effector in the Wnt/beta-catenin asymmetry pathway that patterns asymmetric neuroblast divisions; a missense change could perturb SYS-1 scaffolding/transcriptional coactivator function and thereby alter AMso daughter fate decisions so that MCM fate is lost and two glia are produced. Multiple studies link SYS-1/Wnt asymmetry to asymmetric neuroblast divisions and fate diversification in C. elegans, directly relevant to AMso→MCM asymmetric division [Effect=missense_variant; non-EMS; GeneRef: PMID 29962933, 19389360, 21917811]."
4,0.1,0.45,IV:5537852 G>A,fem-1,fem-1,missense_variant,MODERATE,False,,38.8,,"fem-1 functions in male somatic sex determination and can influence male-specific tissue development; a missense change might perturb male developmental programs required for generating male-specific neurons like MCM, making fem-1 a plausible candidate for causing loss of male-specific neuronal fates via altered sex-determination signaling [Effect=missense_variant; non-EMS; GeneRef: PMID 15082774].",0.45,"fem-1 participates in male somatic sex determination; a missense variant could perturb male-specific developmental programs required to produce male-only neurons like MCM. If FEM-1 function in somatic sex determination is compromised in the mutant, male-specific neurogenesis (including AMso asymmetry or MCM differentiation) could be lost or altered, leading to the observed phenotype [Effect=missense_variant; non-EMS; GeneRef: PMID 15082774]."
5,0.07,0.35,III:3001342 C>T,daf-2,daf-2,missense_variant,MODERATE,False,,34.1,,"daf-2 encodes the insulin/IGF receptor that modulates developmental timing and neuronal physiology; a missense variant may alter signaling that influences AMso competence or timing for asymmetric division and neuronal differentiation, plausibly causing MCM loss through indirect developmental effects [Effect=missense_variant; non-EMS; GeneRef: PMID 31619788, 38900346, 39127676].",0.35,"daf-2 encodes the insulin/IGF receptor that modulates developmental timing and neuronal physiology; a missense change could alter signaling that influences the timing or competence of AMso to execute an asymmetric division and neuronal differentiation. daf-2 has documented roles in neuronal regulation and organismal developmental programs that can indirectly affect cell-fate outcomes [Effect=missense_variant; non-EMS; GeneRef: PMID 31619788, 38900346, 39127676]."
6,0.06,0.45,IV:4662815 G>A,jmjd-1.2,jmjd-1.2,missense_variant,MODERATE,False,,32.4,,"jmjd-1.2 is a histone demethylase implicated in neuronal development and axon guidance; a missense variant could dysregulate chromatin states necessary for expressing asymmetric-division or neuron-specification genes in the AMso lineage, plausibly leading to symmetric glial outcomes [Effect=missense_variant; non-EMS; GeneRef: PMID 28126843].",0.45,"jmjd-1.2 encodes a histone demethylase implicated in axon guidance and Hedgehog-like signaling in C. elegans; a missense variant could alter chromatin states required for correct expression of asymmetric division or male differentiation genes in AMso. Epigenetic regulators often control binary fate decisions, making jmjd-1.2 a plausible contributor to MCM loss if transcriptional programs for neuronal fate are disrupted [Effect=missense_variant; non-EMS; GeneRef: PMID 28126843]."
7,0.05,0.38,III:4579586 C>T,wdr-48,wdr-48,missense_variant,MODERATE,False,,37.5,,"wdr-48 regulates deubiquitinating enzyme activity and neuronal glutamate receptor abundance; missense disruption could alter ubiquitin-dependent control of proteins that localize asymmetric fate determinants or maintain neuronal differentiation programs in AMso/MCM lineages, providing a plausible mechanistic route to MCM loss [Effect=missense_variant; non-EMS; GeneRef: PMID 24356955, 33622778, 32587090].",0.38,"wdr-48 is involved in deubiquitinating enzyme regulation and neuronal glutamate receptor abundance; missense disruption could perturb ubiquitin-mediated regulation of proteins that control polarity, division orientation, or differentiation in AMso. Altered ubiquitin dynamics can affect protein localization/stability of fate determinants, a plausible route to symmetric AMso divisions [Effect=missense_variant; non-EMS; GeneRef: PMID 24356955, 33622778, 32587090]."
8,0.04,0.4,X:13952002 C>T,alg-1,alg-1,missense_variant,MODERATE,False,,20.6,,"alg-1 is a core miRNA pathway component (RISC) that controls developmental timing and neuronal gene regulation; a missense variant could impair miRNA-mediated timing or repression required for the AMso asymmetric division or neuronal specification, making alg-1 a mechanistically plausible candidate [Effect=missense_variant; non-EMS; GeneRef: PMID 29117550, 24244204, 23599497].",0.4,"alg-1 is a core microRNA/RISC component that controls developmental timing and neuronal gene regulation; a missense variant could disrupt microRNA-mediated timing or repression mechanisms required for AMso asymmetric division and MCM specification. MicroRNA pathway defects are known to alter intrinsic timers that change asymmetric division outcomes in neurons [Effect=missense_variant; non-EMS; GeneRef: PMID 29117550, 24244204, 23599497]."
9,0.04,0.3,II:14650509 G>A,unc-52,unc-52,missense_variant,MODERATE,False,,32.3,,"unc-52 encodes Perlecan, an ECM protein that influences dendrite morphogenesis and extracellular interactions; a missense variant could change local ECM cues or cell adhesion that help orient AMso divisions or influence fate signals, plausibly contributing to symmetric AMso divisions and MCM loss [Effect=missense_variant; non-EMS; GeneRef: PMID 8001796, 25982673, 29678816].",0.3,"unc-52 (Perlecan) encodes extracellular matrix components that influence neuronal morphogenesis and dendrite patterning; a missense variant could alter ECM cues or cell–cell interactions that instruct AMso polarity or daughter fates. Changes in ECM can shift division orientation or local signaling, plausibly causing symmetric AMso divisions and loss of MCM neurons [Effect=missense_variant; non-EMS; GeneRef: PMID 8001796, 25982673, 29678816]."
10,0.03,0.25,III:3864120 C>T,brc-1,brc-1,upstream_gene_variant,LOW,False,,41.8,,"Although the variant is upstream (LOW impact), brc-1 (BRCA1 homolog) has been implicated in axon regeneration and neuronal responses; altered regulation could indirectly affect neuronal differentiation programs or stress responses in AMso that are necessary for executing an asymmetric division, but coding-impact candidates are more likely causal [Effect=upstream_gene_variant; non-EMS; GeneRef: PMID 33593852].",0.25,"An upstream variant in brc-1 (BRCA1 homolog) is scored LOW impact but BRCA1-BARD1 has been implicated in axon regeneration and neuronal responses; altered regulation could conceivably affect neuronal differentiation programs or stress responses in AMso that are necessary for asymmetric divisions. Given the low-impact annotation, brc-1 is less likely than coding-impact variants but remains plausible through broader neuronal regulatory roles [Effect=upstream_gene_variant; non-EMS; GeneRef: PMID 33593852]."
11,0.03,0.22,II:10314117 C>T,gcy-5,gcy-5,missense_variant,MODERATE,False,,38.2,,"gcy-5 is a neuronally expressed guanylate cyclase involved in sensory signaling; a missense variant could impair signaling required for MCM differentiation or maintenance, but gcy-5 is more associated with chemosensory function than core fate-specification, so it is a lower-probability candidate [Effect=missense_variant; non-EMS; GeneRef: PMID 19523832, 29857312, 29152379].",0.22,"gcy-5 encodes a receptor-type guanylyl cyclase expressed in neurons and cilium-localized sensory proteins; a missense mutation could alter neuronal signaling that is required for MCM differentiation or maintenance. While gcy-5 is more linked to chemosensory signaling than cell fate, disrupted signaling can indirectly impair neuronal identity decisions [Effect=missense_variant; non-EMS; GeneRef: PMID 19523832, 29857312, 29152379]."
12,0.02,0.18,III:4799594 C>T,tag-325,tag-325,missense_variant,MODERATE,False,,32.2,,"tag-325 is predicted to be a small GTPase-activating protein; GTPase signaling is central to polarity and spindle orientation, so a missense variant could plausibly perturb the machinery that drives asymmetric AMso divisions and MCM generation, although the gene is not well characterized in this context [Effect=missense_variant; non-EMS].",0.18,"tag-325 is predicted as a small GTPase activating protein; GTPase signaling controls cell polarity and division orientation. A missense change could perturb local Rho/Rac signaling in AMso, altering asymmetric division machinery and leading to symmetric glial outcomes [Effect=missense_variant; non-EMS]."
13,0.02,0.18,III:2917703 G>A,cdh-1,cdh-1,missense_variant,MODERATE,False,,31.3,,"cdh-1 encodes a cadherin-related protein that mediates cell-cell adhesion; missense changes can alter adhesion-mediated polarity cues or neighbor signaling that influence spindle orientation and fate determinant segregation in asymmetric divisions, making cdh-1 a biologically plausible, though moderate-priority, candidate [Effect=missense_variant; non-EMS; GeneRef: PMID 15924262].",0.18,"cdh-1 encodes a cadherin-like protein mediating cell-cell adhesion; missense disruption could change adhesion cues between AMso and neighboring cells, which can alter spindle orientation or asymmetric fate determinant localization and result in symmetric AMso divisions. Cadherins are established modulators of cell polarity and tissue architecture relevant to asymmetric divisions [Effect=missense_variant; non-EMS; GeneRef: PMID 15924262]."
14,0.02,0.2,II:11452703 C>T,rsp-2,rsp-2,missense_variant,MODERATE,False,,38.4,,"rsp-2 is a predicted RNA-binding/splicing factor (SRSF-like); missense disruption could change splicing patterns of key fate-determination transcripts in AMso, indirectly causing symmetric divisions and failure to produce MCM neurons, though direct evidence is limited [Effect=missense_variant; non-EMS].",0.2,"rsp-2 is predicted to enable RNA binding and splicing regulation (SRSF6 ortholog); missense variants in splicing factors can selectively alter splicing of transcripts critical for asymmetric division or neuronal differentiation in AMso, making this variant a plausible contributor to the MCM loss phenotype [Effect=missense_variant; non-EMS]."
15,0.02,0.18,II:9749068 C>T,nos-3,nos-3,missense_variant,MODERATE,False,,35.9,,"nos-3 encodes an RNA-binding protein involved in mRNA regulation; while mainly germline-focused, transcript-stability defects in somatic/support cells can impair differentiation programs, so a missense change could indirectly affect AMso/MCM fate but is a lower-probability hypothesis [Effect=missense_variant; non-EMS].",0.18,"nos-3 encodes an RNA-binding protein implicated in mRNA regulation; while primarily linked to germline processes, perturbation of mRNA stability/translation in somatic support cells or neurons could indirectly disrupt fate-specifying translational programs in AMso. The missense change warrants moderate interest given the role of post-transcriptional regulation in fate decisions [Effect=missense_variant; non-EMS]."
16,0.01,0.12,II:2939242 G>A,irld-66,irld-66,missense_variant,MODERATE,False,,39.3,,"irld-66 is an L-domain receptor-like protein with limited annotation; a missense variant could perturb cell-surface signaling that instructs AMso polarity or differentiation, but the functional link is speculative and the candidate is lower priority [Effect=missense_variant; non-EMS].",0.12,"irld-66 encodes an L-domain receptor-like protein; a missense variant could alter cell-surface signaling that instructs AMso polarity or daughter fate, but the gene is poorly characterized so mechanistic links are speculative [Effect=missense_variant; non-EMS]."
17,0.01,0.12,II:8278445 G>A,mrpl-10,mrpl-10,missense_variant,MODERATE,False,,37.3,,"mrpl-10 is a mitochondrial ribosomal protein; missense disruption could impair mitochondrial function and thereby cellular energy or signaling during AMso division, indirectly compromising asymmetric fate decisions, but this is an indirect mechanism with limited specificity for MCM loss [Effect=missense_variant; non-EMS].",0.12,"mrpl-10 is a mitochondrial ribosomal protein; mitochondrial dysfunction can impair differentiation and asymmetric divisions indirectly by altering cellular energy or signaling, so a missense variant is a plausible but indirect contributor to the phenotype [Effect=missense_variant; non-EMS]."
18,0.01,0.1,V:19974372 A>G,srh-173,srh-173,missense_variant,MODERATE,False,,36.8,,"srh-173 is predicted as a membrane-localized chemoreceptor; a missense change could affect neuronal signaling but has no direct link to asymmetric glial/neuron fate decisions, making it a lower-probability candidate for the MCM loss phenotype [Effect=missense_variant; non-EMS].",0.1,"srh-173 is a predicted chemoreceptor expressed in membranes; a missense change may alter neuronal signaling properties but is less directly connected to the AMso asymmetric division process, making it lower probability for causing MCM loss [Effect=missense_variant; non-EMS]."
19,0.01,0.1,III:5802412 C>T,polq-1,polq-1,missense_variant,MODERATE,False,,32.3,,"polq-1 encodes DNA polymerase theta important for repair; while genomic instability could affect dividing AMso cells, the connection to specific asymmetric fate failure is indirect, so this missense variant is lower priority [Effect=missense_variant; non-EMS].",0.1,"polq-1 encodes DNA polymerase theta involved in repair; a missense change could increase genomic instability during divisions, but links to specific asymmetric fate specification in AMso are indirect and therefore lower probability [Effect=missense_variant; non-EMS]."
20,0.01,0.09,IV:13640786 C>T,ugt-22,ugt-22,missense_variant,MODERATE,False,,30.3,,"ugt-22 is a UDP-glycosyltransferase; changes in glycosylation of signaling molecules could modulate developmental cues, but this is an indirect and speculative mechanism for disrupting AMso asymmetric division so the missense variant is low probability [Effect=missense_variant; non-EMS].",0.09,"ugt-22 encodes a UDP-glycosyltransferase; while chemical modification of signaling molecules can influence development, a direct mechanistic link to AMso asymmetric division is speculative, so this missense variant is lower priority [Effect=missense_variant; non-EMS]."
21,0.01,0.08,II:10097832 T>C,lact-2,lact-2,missense_variant,MODERATE,False,,20.3,,"lact-2 is a membrane-localized protein with limited annotation; a missense variant could modify membrane interactions or signaling but lacks direct evidence linking it to AMso asymmetric divisions or MCM neuronal fate, yielding low causal probability [Effect=missense_variant; non-EMS].",0.08,"lact-2 is membrane-localized (poorly annotated); a missense change could alter intercellular interactions but lacks direct evidence linking to asymmetric neurogenic divisions, thus lower likelihood of causing MCM-specific fate loss [Effect=missense_variant; non-EMS]."
22,0.01,0.07,IV:7474728 G>A,F55G1.6,F55G1.6,missense_variant,MODERATE,False,,28.6,,"F55G1.6 is a membrane protein with scarce annotation; the missense variant is unlikely to directly explain the MCM loss without further functional data, so it is ranked low [Effect=missense_variant; non-EMS].",0.07,"F55G1.6 is membrane-localized and expressed in virL/virR; the missense variant has limited annotation and only an indirect rationale for affecting AMso fate, placing it low on the list [Effect=missense_variant; non-EMS]."
23,0.01,0.06,V:18671476 T>A,Y69H2.10,Y69H2.10,missense_variant,MODERATE,False,,24.9,,"Y69H2.10 is predicted extracellular serine-type endopeptidase inhibitor; while proteolytic environments shape signaling, the missense change is an indirect and low-confidence candidate for causing the AMso symmetric-division phenotype [Effect=missense_variant; non-EMS].",0.06,"Y69H2.10 is predicted to be a serine-type endopeptidase inhibitor localized extracellularly; a missense variant could modulate extracellular proteolytic environments that influence signaling, but this is an indirect hypothesis so probability is low [Effect=missense_variant; non-EMS]."
24,0.01,0.06,II:13494542 G>A,F45H10.3,F45H10.3,missense_variant,MODERATE,False,,21.5,,"F45H10.3 has limited annotation and a missense variant; absent functional evidence linking it to AMso polarity or male neurogenesis, this candidate is low priority [Effect=missense_variant; non-EMS].",0.06,F45H10.3 has little annotation; the missense variant remains a low-probability candidate due to lack of functional links to AMso asymmetric division or male neuron specification [Effect=missense_variant; non-EMS].
25,0.01,0.06,IV:685645 C>T,cutl-28,cutl-28,missense_variant,MODERATE,False,,11.1,,"cutl-28 is predicted to be involved in morphogenesis; a missense variant could theoretically alter tissue-level cues affecting division orientation, but this is speculative and low probability for producing the specific MCM loss phenotype [Effect=missense_variant; non-EMS].",0.06,cutl-28 is predicted to participate in morphogenesis and is membrane/extracellular; a missense variant could potentially alter tissue morphology cues but direct relevance to AMso fate is speculative and thus low probability [Effect=missense_variant; non-EMS].
26,0.01,0.05,I:4774285 G>A,M04F3.5,M04F3.5,missense_variant,MODERATE,False,,14.1,,"M04F3.5 is predicted to bind actin and contribute to cell projection assembly; missense disruption might influence cytoskeletal dynamics underlying spindle orientation, but there is little direct evidence linking it to AMso asymmetric fate decisions, so it's low-priority [Effect=missense_variant; non-EMS].",0.05,"M04F3.5 is predicted to bind actin and participate in cell projections; a missense variant might alter cytoskeletal dynamics required for division orientation, but evidence connecting this specific gene to AMso asymmetric division is limited [Effect=missense_variant; non-EMS]."
27,0.01,0.05,III:4079936 C>T,unc-79,unc-79,synonymous_variant,LOW,False,,34.2,,"This is a synonymous LOW-impact variant in unc-79, a gene involved in cation channel regulation and neuronal behavior; synonymous changes are unlikely to explain loss of MCM neurons through protein-coding disruption, though regulatory effects cannot be fully excluded [Effect=synonymous_variant; non-EMS; GeneRef: PMID 31690562, 30323068, 24995777].",0.05,"unc-79 (synonymous variant) is involved in cation channel regulation and neuronal behavior; a synonymous change is unlikely to cause loss of MCM neurons via protein-coding impact, though regulatory effects are possible. Given the low-impact annotation and indirect functional link, this is a low-probability candidate [Effect=synonymous_variant; non-EMS; GeneRef: PMID 31690562, 30323068, 24995777]."
28,0.0,0.03,I:9571464 C>T,21ur-12607,21ur-12607,upstream_gene_variant,LOW,False,,45.7,,"21ur-12607 is an upstream variant in a ncRNA with no supporting functional annotation; given the LOW impact and lack of linkage to cell-fate pathways, causal probability is very low [Effect=upstream_gene_variant; non-EMS].",0.03,21ur-12607 is an upstream ncRNA variant (LOW impact) and lacks functional annotation linking to asymmetric cell division or male neuron fate; very low probability of being causal but retained to complete the ranked list [Effect=upstream_gene_variant; non-EMS].
29,0.0,0.02,II:6962570 C>T,tra-2,tra-2,synonymous_variant,LOW,False,,43.3,,"This synonymous LOW-impact variant affects tra-2, a regulator of sex-determination primarily in the germline; while sex-determination pathways can influence sexual differentiation, the synonymous annotation makes direct causation of AMso asymmetric division defects unlikely without additional evidence [Effect=synonymous_variant; non-EMS; GeneRef: PMID 11401487, 25493563].",0.02,"tra-2 controls hermaphrodite germline sex determination; this is a synonymous LOW-impact variant and tra-2 is mainly germline-focused. Disruption here is unlikely to specifically cause AMso asymmetric division failure, so probability is very low despite the role of sex-determination pathways in sexual differentiation [Effect=synonymous_variant; non-EMS; GeneRef: PMID 11401487, 25493563]."
30,0.0,0.02,II:12978665 G>A,cyd-1,cyd-1,upstream_gene_variant,LOW,False,,37.4,,"cyd-1 is annotated to influence asymmetric protein localization and cell-cycle regulation, which are directly relevant to asymmetric divisions; however, the variant is an upstream LOW-impact change, reducing the likelihood it explains the strong MCM-loss phenotype without regulatory evidence [Effect=upstream_gene_variant; non-EMS].",0.02,"cyd-1 is annotated as involved in positive regulation of asymmetric protein localization and cell cycle regulation; however the observed variant is an upstream LOW-impact change, making functional disruption less likely than coding-impact variants. Given the gene's role in asymmetric localization, it remains a low-probability but conceptually relevant candidate [Effect=upstream_gene_variant; non-EMS]."
