run_id,variant_id,gene,rank,causal_probability,confidence,rationale,key_evidence,Narrative,Narrative_confidence
20260331-024616,X:13516823 C>T,cdk-4,1,0.67,0.7,Missense in a core cell-cycle kinase likely to disrupt AMso asymmetric division required to generate MCMs [Effect=missense_variant; EMS].,Effect=missense_variant; impact_bucket=MODERATE; EMS; Gene function: positive regulation of cell cycle; expressed in neurons,"cdk-4 encodes a cyclin-dependent kinase central to driving cell-cycle progression; a missense mutation could reduce kinase activity and specifically impair the AMso asymmetric division that produces MCM neurons, providing a direct mechanistic explanation for MCM loss [Effect=missense_variant; EMS].",0.7
20260331-024616,X:14187391 C>T,ceh-36,2,0.45,0.5,"ceh-36 is a Bicoid-class homeodomain transcription factor involved in neuron fate specification and is expressed in amphid/head neurons; an upstream variant could reduce expression in AMso lineage and perturb glial-to-neuron asymmetric division producing MCMs [Effect=upstream_gene_variant; EMS; GeneRef: PMID 25738873, PMID 34849889].","Effect=upstream_gene_variant; impact_bucket=LOW; EMS; GeneRef: PMID 25738873, PMID 34849889; Gene function: neuronal fate specification; expressed in amphid/head neurons","ceh-36 is a Bicoid-class homeodomain transcription factor required for neuronal fate specification and is expressed in amphid/head neurons; an upstream variant may lower ceh-36 expression in the AMso lineage and disrupt the transcriptional program necessary for asymmetric division and MCM neuron specification [Effect=upstream_gene_variant; EMS; GeneRef: PMID 25738873, PMID 34849889].",0.5
20260331-024616,X:13407133 C>T,cyp-13B1,3,0.3,0.4,A stop_gained in a cytochrome P450 could eliminate enzymatic activity required for synthesis or metabolism of a signaling molecule/hormone that times male sexual maturation; loss of such a signal could indirectly block AMso division and MCM production [Effect=stop_gained; EMS].,Effect=stop_gained; impact_bucket=HIGH; EMS; Gene function: monooxygenase/heme binding (P450) — potential role in signaling,"The stop_gained allele in cyp-13B1 is high impact and would truncate a cytochrome P450; while P450s are typically metabolic, loss could impair production or breakdown of signaling molecules (hormones or lipids) required for male sexual maturation cues that trigger AMso division, making this an indirect but plausible cause [Effect=stop_gained; EMS].",0.4
20260331-024616,X:13212348 C>T,unc-9,4,0.2,0.35,"unc-9 encodes an innexin gap-junction protein important for intercellular signaling and neural development; an upstream variant could alter expression and thereby disturb cell–cell communication required for AMso asymmetric division and MCM specification [Effect=upstream_gene_variant; EMS; GeneRef: PMID 19386917, PMID 30323068].","Effect=upstream_gene_variant; impact_bucket=LOW; EMS; GeneRef: PMID 19386917, PMID 30323068; Gene function: gap junction channel activity; intercellular signaling","unc-9 encodes an innexin gap-junction protein important for cell–cell communication during nervous system development; an upstream variant may modify expression and thus disrupt intercellular signals or coupling needed to instruct AMso asymmetric division and MCM generation [Effect=upstream_gene_variant; EMS; GeneRef: PMID 19386917, PMID 30323068].",0.35
20260331-024616,X:13466910 C>T,col-183,5,0.15,0.25,"col-183 is a collagen/cuticle component expressed in hypodermis; a missense in collagen could alter extracellular matrix or mechanical cues affecting AMso morphology or division plane, indirectly preventing asymmetric division that produces MCMs [Effect=missense_variant; EMS].",Effect=missense_variant; impact_bucket=MODERATE; EMS; Gene function: structural constituent of cuticle; collagen trimer,"col-183 is predicted to be a cuticle collagen expressed in hypodermis; a missense could alter ECM properties or mechanical interactions near the amphid socket, perturbing the physical or signaling environment required for proper AMso division and thereby preventing MCM formation [Effect=missense_variant; EMS].",0.25
20260331-024616,X:14422850 C>T,F23D12.2,6,0.12,0.2,"F23D12.2 contains a BRCA2_OB1-like domain hinting at roles in DNA repair/replication; an upstream variant could reduce expression of a gene involved in genomic maintenance during division, plausibly affecting AMso mitosis and MCM generation [Effect=upstream_gene_variant; EMS].",Effect=upstream_gene_variant; impact_bucket=LOW; EMS; Gene annotation: BRCA-2_OB1 domain-containing protein (possible role in genome maintenance),F23D12.2 has a BRCA2_OB1-like domain implicating DNA-repair/replication roles; an upstream variant that lowers expression could compromise genome maintenance during AMso mitosis and indirectly prevent the asymmetric division required to generate MCMs [Effect=upstream_gene_variant; EMS].,0.2
20260331-024616,X:13002360 C>T,vwa-8,7,0.1,0.18,"vwa-8 is predicted to have ATP binding/hydrolysis activities; a downstream variant is less likely to be causal but perturbation of energy metabolism or trafficking could indirectly affect AMso division dynamics, so it is kept as a moderate-low candidate [Effect=downstream_gene_variant; EMS].",Effect=downstream_gene_variant; impact_bucket=LOW; EMS; Gene function: predicted ATP binding/hydrolysis,"vwa-8 is predicted to have ATP-binding and hydrolysis activities; the downstream variant is low-impact but if it perturbs VWA-8 function it could subtly affect cellular energy/trafficking during AMso division, an indirect and lower-likelihood route to MCM loss [Effect=downstream_gene_variant; EMS].",0.18
20260331-024616,X:13072972 C>T,cpx-2,8,0.06,0.15,"cpx-2 is involved in synaptic vesicle exocytosis; an upstream variant could alter neuronal signaling that non-autonomously influences AMso behavior, but this is an indirect and lower-probability mechanism for failure of AMso division [Effect=upstream_gene_variant; EMS].",Effect=upstream_gene_variant; impact_bucket=LOW; EMS; Gene function: predicted role in exocytosis/neurotransmitter transport,"cpx-2 is implicated in synaptic vesicle exocytosis; an upstream variant might alter neuronal signaling that non-autonomously influences glial behavior, but this indirect mechanism is less likely to produce a penetrant failure of AMso division [Effect=upstream_gene_variant; EMS].",0.15
20260331-024616,X:13847461 C>T,M03B6.1,9,0.05,0.12,M03B6.1 is an uncharacterized protein with a downstream variant of low predicted impact; without functional data this is an uncertain candidate but cannot be excluded [Effect=downstream_gene_variant; EMS].,Effect=downstream_gene_variant; impact_bucket=LOW; EMS; Gene knowledge: uncharacterized protein,"M03B6.1 is an uncharacterized gene with a downstream low-impact variant; lacking functional annotation or expression data that link it to AMso division, it is an uncertain and lower-probability candidate [Effect=downstream_gene_variant; EMS].",0.12
20260331-024616,X:14025807 C>T,C04C11.16,10,0.04,0.1,"C04C11.16 is an ncRNA with an upstream variant; regulatory ncRNAs can affect development, but upstream changes here are lower-probability explanations for a penetrant failure of AMso division [Effect=upstream_gene_variant; EMS].",Effect=upstream_gene_variant; impact_bucket=LOW; EMS; Gene type: ncRNA,"C04C11.16 is a non-coding RNA with an upstream variant; while ncRNAs can regulate development, no specific evidence ties this locus to AMso asymmetric division or MCM fate, so this is a lower-likelihood candidate [Effect=upstream_gene_variant; EMS].",0.1
20260331-024616,X:13803212 C>T,21ur-13251,11,0.03,0.08,"21ur-13251 is a non-coding RNA with a downstream variant; lacking functional annotation and with low-impact classification, this is a low-probability candidate for causing AMso division failure [Effect=downstream_gene_variant; EMS].",Effect=downstream_gene_variant; impact_bucket=LOW; EMS; Gene type: ncRNA,"21ur-13251 is an ncRNA with a downstream variant of low impact; absent functional data connecting this ncRNA to glial division or neuronal fate, it is an unlikely causal allele for MCM loss [Effect=downstream_gene_variant; EMS].",0.08
20260331-024616,X:14270078 C>T,E02H4.9,12,0.03,0.07,E02H4.9 is an ncRNA with an upstream variant; without additional evidence this is an unlikely direct cause of AMso division defects [Effect=upstream_gene_variant; EMS].,Effect=upstream_gene_variant; impact_bucket=LOW; EMS; Gene type: ncRNA,"E02H4.9 is annotated as an ncRNA and the variant is upstream/low-impact; without data linking this RNA to AMso development, it remains a low-probability candidate [Effect=upstream_gene_variant; EMS].",0.07
20260331-024616,X:13721703 C>T,K11E4.6,13,0.02,0.06,"K11E4.6 is predicted to encode an olfactory receptor; an upstream variant would be an unlikely cause for glial division failure underlying MCM loss, making this a low-probability candidate [Effect=upstream_gene_variant; EMS].",Effect=upstream_gene_variant; impact_bucket=LOW; EMS; Gene function: predicted olfactory receptor,"K11E4.6 is predicted as an olfactory receptor with an upstream variant; sensory receptor genes are unlikely to control AMso lineage divisions, making this a low-probability candidate for MCM loss [Effect=upstream_gene_variant; EMS].",0.06
20260331-024616,X:13947497 C>T,K02B9.9,14,0.01,0.05,"K02B9.9 is reported as an ncRNA with an upstream variant; impact is low and no functional links to AMso division are available, so it is unlikely causal [Effect=upstream_gene_variant; EMS].",Effect=upstream_gene_variant; impact_bucket=LOW; EMS; Gene type: ncRNA,K02B9.9 is an ncRNA with an upstream variant and low supporting evidence; without functional links to AMso division or male maturation this is unlikely to be causal [Effect=upstream_gene_variant; EMS].,0.05
20260331-024616,X:14384957 C>G,Y60A9.2,15,0.01,0.03,Y60A9.2 is annotated as a pseudogene with a low-quality non-EMS variant (low QUAL and DP); this is the least likely candidate to explain a specific developmental failure of AMso division and MCM absence [Effect=upstream_gene_variant; non-EMS].,"Effect=upstream_gene_variant; impact_bucket=LOW; non-EMS; Gene knowledge: pseudo; low QUAL (4.4), low DP",Y60A9.2 is annotated as a pseudogene with a low-quality non-EMS variant (low QUAL/DP); this variant is the least likely to underlie a specific developmental lesion such as failure of AMso division and MCM absence [Effect=upstream_gene_variant; non-EMS].,0.03
