rank,causal_probability,confidence,variant_id,gene,Gene_name_csv,effect,impact_bucket,ems,ems_label_raw,parental_ratio,hawaiian_ratio,qual,depth,Narrative,Narrative_confidence,rationale
1,0.62,0.6,X:13516823 C>T,cdk-4,cdk-4,missense_variant,MODERATE,True,EMS (G/C->A/T),,,43.9,10,"cdk-4 encodes a cyclin-dependent kinase central to G1/S progression and positive regulation of the cell cycle; a missense (MODERATE) EMS-induced change could impair AMso cell-cycle entry or asymmetric division, directly explaining loss of the MCM neurons. The gene is expressed in neurons, supporting a plausible role in neural precursor divisions during male maturation [Effect=missense_variant; EMS].",0.6,Cell-cycle regulator missense variant: plausible direct cause of AMso division failure and MCM absence.
2,0.5,0.45,X:14187391 C>T,ceh-36,ceh-36,upstream_gene_variant,LOW,True,EMS (G/C->A/T),1.0,0.0,43.8,10,"ceh-36 is a Bicoid-class homeodomain factor implicated in neuron fate specification and is expressed in amphid and head neurons; an upstream variant could alter transcriptional regulation during larval development and prevent proper MCM specification. The variant co-segregates perfectly with the parental strain (Parental_ratio=1.0), increasing its credibility despite being annotated LOW impact [Effect=upstream_gene_variant; EMS; Parental_ratio=1.0; GeneRef: PMID 25738873, PMID 34849889].",0.45,"ceh-36 is a homeodomain transcription factor involved in neuronal fate specification and is expressed in amphid/head neurons; an upstream variant (co-segregating with parental ratio 1.0) could alter expression during larval development and perturb AMso-derived neuron fate. Although annotated as a LOW impact upstream variant, the gene's role in neuronal specification and the perfect parental segregation make it a plausible regulator of MCM fate."
3,0.28,0.28,X:13407133 C>T,cyp-13B1,cyp-13B1,stop_gained,HIGH,True,EMS (G/C->A/T),,,50.4,16,"This is a stop_gained (HIGH impact) EMS mutation likely to ablate CYP-13B1 function. Although cytochrome P450s are primarily metabolic enzymes rather than developmental regulators, loss of a P450 can perturb endocrine or lipid-derived signals that influence developmental timing and differentiation; without direct links to glial asymmetric division this remains a plausible but lower-priority candidate [Effect=stop_gained; EMS].",0.28,"Stop_gained mutation is high-impact and likely produces a loss-of-function allele. Cytochrome P450s are typically metabolic, but loss of a P450 could alter signaling or developmental timing factors required for male-specific glial division; however, there is no direct evidence linking this family member to neural/glial fate decisions, so probability is moderate-low."
4,0.15,0.2,X:13466910 C>T,col-183,col-183,missense_variant,MODERATE,True,EMS (G/C->A/T),0.9166666666666666,0.0833333333333333,41.5,8,"col-183 is a predicted cuticle/collagen component expressed in hypodermis. The missense (MODERATE) EMS variant co-segregates with the parental strain (Parental_ratio=0.917), and while structural/cuticle defects can indirectly affect nervous system morphogenesis, there is no mechanistic reason to expect a direct block of AMso asymmetric division, making this a lower-likelihood candidate [Effect=missense_variant; EMS; Parental_ratio=0.917].",0.2,"Predicted collagen structural protein with a missense (MODERATE) change that co-segregates (Parental_ratio=0.917). While cuticle/hypodermal defects can secondarily affect nervous system morphogenesis, there is no specific link to AMso asymmetric division or neuron fate, making a direct causative role less likely."
5,0.12,0.15,X:13212348 C>T,unc-9,unc-9,upstream_gene_variant,LOW,True,EMS (G/C->A/T),,,34.2,16,"unc-9 encodes an innexin gap-junction subunit important for neuronal connectivity and development. The variant is upstream (LOW impact), so a direct effect on AMso division is unlikely, but disrupted gap-junction signaling during maturation could indirectly influence neuron survival or differentiation [Effect=upstream_gene_variant; EMS; GeneRef: PMID 19386917, PMID 30323068].",0.15,"unc-9 encodes an innexin (gap junction) important for neuronal communication and development. The variant is upstream (LOW impact) so direct loss of AMso division is less likely, but disruption of gap-junction mediated signaling during maturation could indirectly affect MCM specification or survival."
6,0.1,0.12,X:13072972 C>T,cpx-2,cpx-2,upstream_gene_variant,LOW,True,EMS (G/C->A/T),,,32.9,16,cpx-2 is predicted to function in synaptic vesicle release (syntaxin binding). The variant is upstream (LOW impact); altered synaptic function during maturation could conceivably affect neuronal wiring or survival but is unlikely to directly prevent the AMso asymmetric division that produces MCM neurons [Effect=upstream_gene_variant; EMS].,0.12,"cpx-2 (complexin-like) is involved in synaptic vesicle exocytosis. The variant is upstream (LOW impact), making it unlikely to block the AMso asymmetric division that produces MCMs; nevertheless, altered synaptic signaling during maturation could have downstream developmental consequences."
7,0.07,0.1,X:13002360 C>T,vwa-8,vwa-8,downstream_gene_variant,LOW,True,EMS (G/C->A/T),1.0,0.0,30.3,14,"vwa-8 is a predicted ATPase/ATP-binding protein expressed broadly in non-neuronal tissues. The variant is downstream (LOW impact) and the gene has no known role in neural precursor divisions, so it is an unlikely causal allele for the AMso division/MCM loss phenotype [Effect=downstream_gene_variant; EMS].",0.1,"Downstream (LOW impact) variant in a predicted ATPase-related gene expressed broadly (hypodermis/intestine/muscle). No known link to asymmetric glial divisions or neuronal fate specification, so likelihood is low."
8,0.06,0.08,X:14422850 C>T,F23D12.2,F23D12.2,upstream_gene_variant,LOW,True,EMS (G/C->A/T),0.8888888888888888,0.1111111111111111,47.3,15,"Variant is upstream (LOW) of a BRCA-2_OB1 domain-containing protein. There is no provided evidence linking this gene to glial asymmetry or neuron fate, so a causal role for MCM loss is unlikely absent further data [Effect=upstream_gene_variant; EMS].",0.08,"Upstream (LOW) variant in a BRCA-2_OB1 domain-containing protein. Lack of direct neural/glial function and LOW predicted impact reduce likelihood, though disruption of DNA repair/chromatin regulators can sometimes have developmental consequences."
9,0.03,0.05,X:13803212 C>T,21ur-13251,21ur-13251,downstream_gene_variant,LOW,True,EMS (G/C->A/T),0.8571428571428572,0.1428571428571428,30.7,11,"This is a downstream (LOW) variant in a noncoding RNA locus. ncRNAs can regulate gene expression, but without functional annotation or segregation data connecting this locus to AMso division, it is an unlikely primary cause of the MCM phenotype [Effect=downstream_gene_variant; EMS].",0.05,"Downstream (LOW) variant in a noncoding RNA. While ncRNAs can regulate gene expression, there is no functional evidence provided linking this ncRNA to AMso division or neuronal fate, making it an unlikely primary cause."
10,0.03,0.05,X:14270078 C>T,E02H4.9,E02H4.9,upstream_gene_variant,LOW,True,EMS (G/C->A/T),0.8333333333333334,0.1666666666666666,41.2,8,"Upstream (LOW) variant in an ncRNA with no functional annotation provided. Lacking mechanistic links to AMso asymmetric division, this candidate has low probability of being causal [Effect=upstream_gene_variant; EMS].",0.05,Upstream variant in an ncRNA locus; low predicted impact and no supporting functional data suggest low probability for causing the AMso division defect.
11,0.02,0.03,X:14384957 C>G,Y60A9.2,Y60A9.2,upstream_gene_variant,LOW,False,non-EMS,0.7272727272727273,0.2727272727272727,4.4,4,"Variant is upstream (LOW) of a pseudogene/annotated pseudo locus and is non-EMS with low quality (QUAL=4.4). Given the low data quality and annotation, it is unlikely to be responsible for the MCM loss phenotype [Effect=upstream_gene_variant; non-EMS].",0.03,"Upstream variant annotated as pseudo and non-EMS, with low QUAL and low pre-score. Unlikely to be causal for MCM loss."
12,0.02,0.03,X:13847461 C>T,M03B6.1,M03B6.1,downstream_gene_variant,LOW,True,EMS (G/C->A/T),,,47.4,10,"Downstream (LOW) variant in an uncharacterized protein; no evidence links this locus to asymmetric glial division or neuron fate, so probability of causality is low [Effect=downstream_gene_variant; EMS].",0.03,Downstream LOW-impact variant in an uncharacterized protein; no functional evidence linking to glial division or neuronal fate specification.
13,0.02,0.03,X:13947497 C>T,K02B9.9,K02B9.9,upstream_gene_variant,LOW,True,EMS (G/C->A/T),,,44.7,17,Upstream (LOW) variant in an ncRNA lacking functional data; unlikely to be the primary cause of AMso division failure without further supporting evidence [Effect=upstream_gene_variant; EMS].,0.03,"Upstream (LOW) variant in an ncRNA; lacking functional annotation or segregation data, unlikely to be causal."
14,0.02,0.03,X:13721703 C>T,K11E4.6,K11E4.6,upstream_gene_variant,LOW,True,EMS (G/C->A/T),,,35.1,15,"Upstream (LOW) variant in a predicted olfactory receptor gene. Olfactory receptor perturbation is unlikely to explain a failure of AMso asymmetric division during male maturation, so this is a low-priority candidate [Effect=upstream_gene_variant; EMS].",0.03,Upstream variant in a predicted olfactory receptor (LOW impact); olfactory receptor disruption is unlikely to block an asymmetric glial division that produces MCM neurons.
15,0.02,0.03,X:14025807 C>T,C04C11.16,C04C11.16,upstream_gene_variant,LOW,True,EMS (G/C->A/T),1.0,0.0,47.7,12,"Upstream (LOW) variant in an ncRNA locus that shows perfect parental segregation (Parental_ratio=1.0). While the perfect segregation makes this locus worthy of follow-up, the LOW predicted impact and lack of functional annotation reduce the prior probability that it is the causal allele compared with coding or regulatory variants in genes tied to cell cycle or neuronal fate [Effect=upstream_gene_variant; EMS; Parental_ratio=1.0].",0.03,"Upstream (LOW) variant in an ncRNA with perfect parental segregation (Parental_ratio=1.0) but no functional annotation; while co-segregation raises a flag, absence of gene function or coding impact makes this an unlikely primary causal allele compared with candidates affecting cell cycle or neuronal fate."
